Question-ID,Principle,Indicators,Questions,Points,Plain-english,Explanation,Author,DAO,Search_Difficulty,Document
BSP-01,Broad Stakeholder Participation,Economic Inequality,Is the DAO 's Gini Coefficient for economic tokens less than or equal to fifty percent ( <= 50%)?,0.0,Does not answer question,Unable to find an adequate source,Charles Adjovu,Gitcoin,Very hard,
BSP-02,Broad Stakeholder Participation,Voting Power,Is the Banzhaf Index for each individual member less than or equal to twenty-five percent (<= 25.0%)?,0.0,Does not answer question,Unable to find an adequate source,Charles Adjovu,Gitcoin,Very hard,
BSP-03,Broad Stakeholder Participation,Communication,Does the DAO explicitly state that private communication channels are for sensitive or confidential matters?,0.0,Does not answer question,Unable to find an adequate source,Charles Adjovu,Gitcoin,Very hard,
BSP-04,Broad Stakeholder Participation,Identity,Does the DAO explicitly require members to verify that they have a unique digital identity?,50.0,Partial,"Gitcoin does not require GTC token holders to have a unique digital identity. However, Gitcoin Stewards are required to provide a brief introduction or bio of themselves as part of their Steward nomination, including: 1) Gitcoin Username, 2) ETH Address, 3) Discord Handle (optional), 4) Statement of Intention / Your Values & Reasons for Joining, and 5) Your Web3 Qualifications / Skills. Additionally, GTC holders can verify their own or someone else's identity via GTC staking.

",Charles Adjovu,Gitcoin,Hard,"Introducing Stewards Governance,GTC Staking on your Identity"
BSP-05,Broad Stakeholder Participation,Management,Does the DAO have any leadership roles?,100.0,Yes,"The leadership roles in Gitcoin are Stewards. Stewards can be self-nominated or proxy-nominated. Stewards can also serve on the Stewardship Council, that can be considered an additional leadership role in Gitcoin.",Charles Adjovu,Gitcoin,Hard,"Introducing Stewards Governance,How do I become a Gitcoin Steward?,Gitcoin Delegate Dashboard,Proposal: V2 of the Steward Council,Gitcoin Steward Council Election,V2 of the Steward Council: Nomination thread and election RESULTS"
BSP-06,Broad Stakeholder Participation,Management,Does the DAO have any management roles?,50.0,Partial,"Gitcoin's workstreams are expected to have management roles (workstreams are expected to be led by a Steward), but there is a lack of information on how management roles are defined. Additionally, a seat on the Cross Stream DAO Operations can be considered a management role.",Charles Adjovu,Gitcoin,Medium,"Gitcoin DAO Governance Process v3,CSDO - Strategy & Ops"
BSP-07,Broad Stakeholder Participation,Conduct,"Does the DAO require members to adhere to a standard of conduct, such as described in a code of conduct?",100.0,Yes,Gitcoin requires token holders to abide by the Gitcoin Code of Conduct and the Rules of Engagement on the governance forum.,Charles Adjovu,Gitcoin,Medium,"Gitcoin Code of Conduct,Forum Guidelines and Code of Conduct 2023"
BSP-08,Broad Stakeholder Participation,Language,Does the DAO provide a glossary of internal terms?,50.0,Partial,"Gitcoin defines all the relevant terms in Gitcoin's governance process. However, the terms are not collated into a single document.",Charles Adjovu,Gitcoin,Medium,Gitcoin DAO Governance Process v3
BSP-09,Broad Stakeholder Participation,Governance,Does the DAO use a participatory governance model?,50.0,Partial,"Gitcoin has a particiaptory governance system. Gitcoin utilizes a referendum system where GTC token holders vote on proposals. Regarding voting, any GTC token holder can vote on a proposal, either by voting themselves or dlegating their voting power to a Gitcoin Steward (i.e., proxy voting). Regarding proposal drafting, it appears that any GTC token holder can submit a proposal for deliberation. Though, it is unclear if holding GTC tokens is required to submit a proposal. Lastly, any GTC token holder can become a Gitcoin Steward through self-nomination and complying with the rules for Gitcoin Stewards.",Charles Adjovu,Gitcoin,Easy,Gitcoin DAO Governance Process v3
BSP-10,Broad Stakeholder Participation,Dispute Resolution,Does the DAO have an explicitly defined dispute resolution mechanism?,0.0,Does not answer question,Unable to find an adequate source,Charles Adjovu,Gitcoin,Very hard,
BSP-11,Broad Stakeholder Participation,Ownership,Does the DAO have a shared ownership model?,0.0,No,"GTC token holders have governance rights, but not economic rights. Though, GTC tokens are tradeable on multiple markets, giving GTC tokens an economic value.",Charles Adjovu,Gitcoin,Easy,"Introducing GTC â€“ Gitcoinâ€™s Governance Token,Gitcoin DAO Governance Process v3"
BSP-12,Broad Stakeholder Participation,Management,Does the DAO have a well-defined procedure for how members can take defined leadership or management roles?,100.0,Yes,Gitcoin's process for becoming a Steward is a self-nomination process,Charles Adjovu,Gitcoin,Easy,"How do I become a Gitcoin Steward?,Introducing Stewards Governance"
BSP-13,Broad Stakeholder Participation,Economic,Does the DAO provide members multifaceted activities to receive rewards?,50.0,Partial,"GTC token holders can work in various workstreams (e.g., Public Goods Funding or Fraud Defense and Detection) and be compensated for their contributions in GTC tokens. Though, joining a workstream is not exclusive to GTC token holders.",Charles Adjovu,Gitcoin,Easy,Gitcoin DAO Governance Process v3
CBC-01,Cross-border Coordination,Geolocation,Does the DAO have leadership from multiple geographic regions?,100.0,Yes,"Gitcoin has delegates from multiple geographic regions. Notably, Austin Griffith from Colorado, United States of America, North America, and Kris Is from Brussels, Belgium, Europe.",Charles Adjovu,Gitcoin,Hard,"Kris Is profile on Tally as a Gitcoin Delegate,Austin Griffith profile on Tally as a Gitcoin Delegate,Gitcoin Delegates on Tally,Gitcoin DAO Governance Process v3"
CBC-02,Cross-border Coordination,Geolocation,Does the DAO have members in multiple geographic regions?,100.0,Yes,"Gitcoin has delegates from multiple geographic regions. Notably, Austin Griffith from Colorado, United States of America, North America, and Kris Is from Brussels, Belgium, Europe.",Charles Adjovu,Gitcoin,Hard,"Kris Is profile on Tally as a Gitcoin Delegate,Austin Griffith profile on Tally as a Gitcoin Delegate,Gitcoin Delegates on Tally,Gitcoin DAO Governance Process v3"
CBC-03,Cross-border Coordination,Geolocation,Does the DAO have managers from multiple geographic regions?,0.0,Does not answer question,Unable to find an adequate source,Charles Adjovu,Gitcoin,Very hard,
PDC-01,Practicing DAO Cooperativism,Economic,Does the DAO have a collective treasury (or multisig account)?,100.0,Yes,Gitcoin has multiple multisig accounts managed on Gnosis Safe.,Charles Adjovu,Gitcoin,Medium,Gitcoin Profile on Tally
PDC-02,Practicing DAO Cooperativism,Measurement,"Does the DAO have currencies recognizing value beyond financial relations, such as labor, contributor well-being, or environmental impact?",50.0,Partial,"Gitcoin does not use a specific currency to recognize contributions beyond token holdings. However, Gitcoin does issue the Gitcoin Outstanding Steward award to the stewards/contributors with the top ten highest scores on Karma to ""recognize those who have gone 'above and beyond'."" The recipents receive a specially madeÂ POAP.Â ",Charles Adjovu,Gitcoin,Medium,"What is Gitcoin?,Introducing GTC â€“ Gitcoinâ€™s Governance Token,Tools used by GitcoinDAO,Gitcoin Outstanding Steward Award"
PDC-03,Practicing DAO Cooperativism,Identity,Does the DAO have a collective membership mark to signify membership in the DAO?,100.0,Yes,Collective Membership is signified by ownership or possession of the GTC token.,Charles Adjovu,Gitcoin,Easy,"Introducing GTC â€“ Gitcoinâ€™s Governance Token,What is Gitcoin?"
PDC-04,Practicing DAO Cooperativism,Economic,Does the DAO redistribute profits/surplus on a basis other than capital holdings?,0.0,No,GTC token holders do not earn profits/surplus on a basis other than capital holdings.,Charles Adjovu,Gitcoin,Medium,Introducing GTC â€“ Gitcoinâ€™s Governance Token
PDC-05,Practicing DAO Cooperativism,Accountability,Does the DAO have any accountability mechanisms that subject the power of leaders and managers to the members?,50.0,Partial,"Gitcoin relies on the Code of Conduct and Rules of Engagement as an accountability mechanism for GTC token holders. Additionally, Gitcoin uses a Stewards dashboard and steward scores as a means for implicit accountability of stewards. Though, there is not a formal (or explicit) accountability mechanism for delegates nor members of workstreams.",Charles Adjovu,Gitcoin,Medium,"Stewards of Gitcoin DAO,Gitcoin Code of Conduct,Forum Guidelines and Code of Conduct 2023,Gitcoin DAO Governance Process v3"
PDC-06,Practicing DAO Cooperativism,Accountability,"Does the DAO have an amendment procedure for its rules, procedures or policies?",50.0,Partial,"Gitcoin has an amendment procedure, but the amendment procedure is not well-defined.",Charles Adjovu,Gitcoin,Easy,Gitcoin DAO Governance Process v3
PDC-07,Practicing DAO Cooperativism,Accountability,Does the DAO have a decision-making matrix?,50.0,Partial,"Gitcoin has a defined governance process, described in a single document for how GTC token holders can vote on proposals. However, there was little to no information on how workstreams make decisions.",Charles Adjovu,Gitcoin,Medium,Gitcoin DAO Governance Process v3
PDC-08,Practicing DAO Cooperativism,Measurement,"Does the DAO have metrics beyond governance and finance, such as contributor well-being or happiness?",0.0,Does not answer question,Unable to find an adequate source,Charles Adjovu,Gitcoin,Very hard,
PDC-09,Practicing DAO Cooperativism,Ownership,Does the DAO have separate tokens for governance and economic rights?,50.0,Partial,"The GTC token grants holders governance rights in Gitcoin DAO. GTC token does not grant holders economic rights, but GTC tokens are used as compensation to members of workstreams. Gitcoin does not have a token granting holders economic rights.",Charles Adjovu,Gitcoin,Medium,"Introducing GTC â€“ Gitcoinâ€™s Governance Token,Gitcoin DAO Governance Process v3"
PDC-10,Practicing DAO Cooperativism,Economic,Does the DAO not make governance tokens tradeable?,0.0,No,GTC tokens are tradeable on multiple cryptocurrency markets.,Charles Adjovu,Gitcoin,Easy,Gitcoin Profile on CoinGecko
PDC-11,Practicing DAO Cooperativism,Engagement,Does the DAO provide education and training opportunities for members to meaningful participate in governance?,50.0,Partial,"Gitcoin provides multiple guides covering topics on the governance process, and Gitcoin provides a proposal template. However, there are no educational resources (e.g., courses, videos) on participating in governance.",Charles Adjovu,Gitcoin,Easy,"Gitcoin DAO Governance Process v3,Gitcoin Community Proposal (GCP) Template"
CPB-01,Cultural Patterns and Brand,Narratives,Does the DAO publish content on its activites in its' public channels?,100.0,Yes,"Gitcoin publishes updates and other announcements in the GitcoinDAO Digest on the Gitcoin Governance forum (under the News and Community category), the Gitcoin Blog, and on Gitcoin's Twitter account.",Charles Adjovu,Gitcoin,Easy,"Gitcoin Digest #1 2023,Gitcoin - Blog,Gitcoin Profile on Twitter"
CPB-02,Cultural Patterns and Brand,Identity,"Does the DAO make an explicit, clearly articulated statement of its purpose, values and norms?",100.0,Yes,"Gitcoin has an explicit, clearly articulated statement of its purpose, values and norms.  Gitcoin's vision is ""a world shaped by community-led positive change."" Gitcoin's mission is ""to empower communities to fund their shared needs."" Alternatively, Gitcoin's mission is ""to build and fund digital public goods."" Regarding values, Gitcoin's values could be open internet, open economies, and open source.
",Charles Adjovu,Gitcoin,Hard,"About Us,What is Gitcoin?,Gitcoin Bounties Mission"
IDA-01,Information & Data Transparency,Analytics,Does the DAO provide an organizational analytics dashboard?,0.0,Does not answer question,Unable to find an adequate source,Charles Adjovu,Gitcoin,Very hard,
IDA-02,Information & Data Transparency,Information,"Does the DAO make its governance activities (e.g., proposals, decisions) publicly accessible at free to low-cost?",100.0,Yes,Gitcoin's governance activities can be found on the Gitcoin profile on Snapshot.,Charles Adjovu,Gitcoin,Easy,"Gitcoin Profile on Snapshot,Gitcoin Governance Hub"
IDA-03,Information & Data Transparency,Information,"Does the DAO make its organizational documents (bylaws, policies, strategic plan, etc.) publicly accessible at free to low-cost?",100.0,Yes,"Gitcoin's organizational documents are publicly accessible in the Gitcoin Contributor Hub, under the DAO Policies and Documentation heading and Important Docs heading.
",Charles Adjovu,Gitcoin,Hard,"Gitcoin Contributor Hub,GCP Database,DAO Roadmaps"
IDA-04,Information & Data Transparency,Information,"Does the DAO make its technologies open source or source available, and publicly accessible at free to low-cost?",100.0,Yes,"Gitcoin makes its technological products open-source or source-available. The Grants Stack and Passport are licensed under the GNU AFFERO GENERAL PUBLIC LICENSE, Version 3, 19 November 2007. The Allo Protocol is not licensed as of writing.
",Charles Adjovu,Gitcoin,Medium,"""Grants Stack License: GNU AFFERO GENERAL PUBLIC LICENSE, Version 3, 19 November 2007"",""Passport License: Grants Stack License: GNU AFFERO GENERAL PUBLIC LICENSE, Version 3, 19 November 2007"",Allo Procotol Contracts"
IDA-05,Information & Data Transparency,Audit,"Does the DAO explicitly report whether any Web3 tools it uses, internally or externally, have been audited?",0.0,Does not answer question,Unable to find an adequate source,Charles Adjovu,Gitcoin,Very hard,
IDA-06,Information & Data Transparency,Information,"Does the DAO explicitly state that it operates on, or interacts with, more than one (1) blockchain?",100.0,Yes,Gitcoin interacts with or operates on the Ethereum blockchain and on the Ceramic Network blockchain. The GTC token is deployed on the Ethereum blockchain. The Gitcoin Passport scores utilize data from the Ceramic Network blockchain.,Charles Adjovu,Gitcoin,Medium,Why do I need to rescore my passport after collecting a new stamp?
IDA-07,Information & Data Transparency,Compensation,Does the DAO explicitly describe itâ€™s financial incentive or compensation structure for contributors?,100.0,Yes,"For contributors that are part of a workstream(s), the workstream members can be compensated for their contributions by submitting a request for ""funding from the Gitcoin DAO treasury,"" as a budget proposal, or seeking outside funding. Additionally, contributors can be compensated for finding security flaws in Gitcoin's software as part of the Gitcoin Bug Bounty Program.",Charles Adjovu,Gitcoin,Medium,"Gitcoin DAO Governance Process v3,[S14 Proposal - Amended ] DAO Operations S14 Budget Request,Gitcoin Security Bounty Program"
D2D-01,DAO2DAO,Transactions,Does the DAO have any planned transactions with another DAO?,100.0,Yes,Gitcoin is partnering with Index Coop to create Gitcoin Staked ETH Index (gtcETH).,Charles Adjovu,Gitcoin,Easy,Introducing gtcETH: A New Way to Fund Public Goods through Staked ETH
D2D-02,DAO2DAO,Transactions,Does the DAO have any current transactions with another DAO?,100.0,Yes,Gitcoin has a current transaction with Bankless DAO on the use of Passport for Bankless Academy.,Charles Adjovu,Gitcoin,Medium,Bankless Academy - A Gitcoin Passport Case Study
OT-01,Organizational Technology,Tool,Does the DAO currently use any Web3 organizational technology for business-to-business operations?,0.0,Does not answer question,Unable to find an adequate source,Charles Adjovu,Gitcoin,Very hard,
OT-02,Organizational Technology,Tool,Does the DAO currently use any Web3 organizational technology for treasury management?,100.0,Yes,Gitcoin utilizes Gnosis Safe.,Charles Adjovu,Gitcoin,Easy,Gitcoin Profile on Tally
OT-03,Organizational Technology,Tool,Does the DAO currently use any Web3 organizational technology for contribution-tracking?,50.0,Partial,"Gitcoin utilizes Karma to track Steward's governance activities. Though, the contribution-tracking does not extend to any and all contributions that can be made in Gitcoin.",Charles Adjovu,Gitcoin,Medium,"Stewards of Gitcoin DAO,Introducing Stewards Governance"
OT-04,Organizational Technology,Tool,Does the DAO currently use any Web3 organizational technology for decision-making?,100.0,Yes,Gitcoin utilizes Snapshot and a fork of Compound's Governor framework.,Charles Adjovu,Gitcoin,Easy,"Gitcoin Profile on DeepDAO,Gitcoin Profile on Snapshot,Introducing GTC â€“ Gitcoinâ€™s Governance Token,Gitcoin DAO Governance Process v3"
HCAG-01,Human-centered Algorithmic Governance,Accountability,Does the DAO explicitly acknowledge the possible vulnerabilities of algorithmic decision-making?,0.0,Does not answer question,Unable to find an adequate source,Charles Adjovu,Gitcoin,Very hard,
HCAG-02,Human-centered Algorithmic Governance,Engagement,"Does the DAO educate its members on the development and use of algorithms, as they pertain to the DAO?",0.0,Does not answer question,Unable to find an adequate source,Charles Adjovu,Gitcoin,Very hard,
HCAG-03,Human-centered Algorithmic Governance,Fairness & Bias,Does the DAO explicitly consider the short- and long-term social consequences of the algorithmic systems in the development and use of algorithms?,100.0,Yes,Gitcoin explicitly considers the consequences of algorithmic harms in the Understanding Potential Attack Vectors section. ,Charles Adjovu,Gitcoin,Easy,"Understanding Potential Attack Vectors,Gitcoin DAO Governance Process v3"
BSP-01,Broad Stakeholder Participation,Economic Inequality,Is the DAO 's Gini Coefficient for economic tokens less than or equal to fifty percent ( <= 50%)?,50.0,Partial,MakerDAO only provides partial information on it's Gini Coefficient.,Charles Adjovu,MakerDAO,,
BSP-02,Broad Stakeholder Participation,Voting Power,Is the Banzhaf Index for each individual member less than or equal to twenty-five percent (<= 25.0%)?,0.0,Does not answer question,Unable to find an adequate source,Charles Adjovu,MakerDAO,,
BSP-03,Broad Stakeholder Participation,Communication,Does the DAO explicitly state that private communication channels are for sensitive or confidential matters?,0.0,Does not answer question,Unable to find an adequate source,Charles Adjovu,MakerDAO,,
BSP-04,Broad Stakeholder Participation,Identity,Does the DAO explicitly require members to verify that they have a unique digital identity?,0.0,No,MakerDAO does not require members to verify that they have a unique digital identity.,Charles Adjovu,MakerDAO,,
BSP-05,Broad Stakeholder Participation,Management,Does the DAO have any leadership roles?,100.0,Yes,"Delegates and the founder, Rune Christesen,  can be considered leaders of MakerDAO",Charles Adjovu,MakerDAO,,
BSP-06,Broad Stakeholder Participation,Management,Does the DAO have any management roles?,100.0,Yes,"MakerDAO has Core Units that manage specific areas or functions related to the Maker Protocol or the DAO, e.g., the Risk teams. These Core Units are led by Facilitators, ""are the accountable individuals responsible for interfacing between Maker Governance, the Contributors, and external resources to achieve the Core Objectives of the Protocol. Facilitators are always attached to one or more Core Units and cannot exist in a void, i.e., Facilitators are Facilitators onlyÂ ifÂ they are attached to at least one Core Unit.""",Charles Adjovu,MakerDAO,,
BSP-07,Broad Stakeholder Participation,Conduct,"Does the DAO require members to adhere to a standard of conduct, such as described in a code of conduct?",50.0,Partial,MakerDAO requires recognized delegates to adhere to the Recognized Delegate Code of Conduct.,Charles Adjovu,MakerDAO,,
BSP-08,Broad Stakeholder Participation,Language,Does the DAO provide a glossary of internal terms?,100.0,Yes,MakerDAO provides a glossary of internal terms on their website.,Charles Adjovu,MakerDAO,,
BSP-09,Broad Stakeholder Participation,Governance,Does the DAO use a participatory governance model?,100.0,Yes,"MakerDAO employs a participatory governance system based on access, agency, and accountability.

1. Access
    a. MKR token holders can access governance-related information on the MakerDAO Voting Portal and MakerDAO forum
2. Agency
    a. MKR token holders can submit polls or executive votes on-chain via theÂ MakerDAO governance smart contractsÂ , interactable on the MakerDAO Voting Portal
    b. MKR token holders can become a delegate (recognized delegate or shadow delegate) via the delegation smart contract.Â Recognized delegatesÂ must complete theÂ Recognized Delegate Requirements.
    c. MKR token holders can join and discuss governance matters on the MakerDAO forum
3. Accountability
    a. MKR token holders can elect and repeal delegates (i.e., proxies) who vote on their behalf
",Charles Adjovu,MakerDAO,,
BSP-10,Broad Stakeholder Participation,Dispute Resolution,Does the DAO have an explicitly defined dispute resolution mechanism?,0.0,Does not answer question,Unable to find an adequate source,Charles Adjovu,MakerDAO,,
BSP-11,Broad Stakeholder Participation,Ownership,Does the DAO have a shared ownership model?,100.0,Yes,MKR token holders have both governance rights and economic rights. ,Charles Adjovu,MakerDAO,,
BSP-12,Broad Stakeholder Participation,Management,Does the DAO have a well-defined procedure for how members can take defined leadership or management roles?,100.0,Yes,MakerDAO has a well-defined procedure for becoming a Recognized Delegate (leadership role). ,Charles Adjovu,MakerDAO,,
BSP-13,Broad Stakeholder Participation,Economic,Does the DAO provide members multifaceted activities to receive rewards?,100.0,Yes,The Maker DAO core teams cover a wide array of activities.,Charles Adjovu,MakerDAO,,
CBC-01,Cross-border Coordination,Geolocation,Does the DAO have leadership from multiple geographic regions?,0.0,Does not answer question,Unable to find an adequate source,Charles Adjovu,MakerDAO,,
CBC-02,Cross-border Coordination,Geolocation,Does the DAO have members in multiple geographic regions?,100.0,Yes,"Maker DAO has token holders from multiple countries, including the United States of America and England (refer to London Business School).",Charles Adjovu,MakerDAO,,
CBC-03,Cross-border Coordination,Geolocation,Does the DAO have managers from multiple geographic regions?,0.0,Does not answer question,The Facilitators of Maker DAO's core units can be considered managers. ,Charles Adjovu,MakerDAO,,
PDC-01,Practicing DAO Cooperativism,Economic,Does the DAO have a collective treasury (or multisig account)?,100.0,Yes,Maker DAO has three currently approved multi-sig wallets.,Charles Adjovu,MakerDAO,,
PDC-02,Practicing DAO Cooperativism,Measurement,"Does the DAO have currencies recognizing value beyond financial relations, such as labor, contributor well-being, or environmental impact?",0.0,No,Maker DAO does not use a specific currency (only the general DAI) to recognize contributions. ,Charles Adjovu,MakerDAO,,
PDC-03,Practicing DAO Cooperativism,Identity,Does the DAO have a collective membership mark to signify membership in the DAO?,100.0,Yes,Collective Membership is signified by ownership or possession of the MKR token.,Charles Adjovu,MakerDAO,,
PDC-04,Practicing DAO Cooperativism,Economic,Does the DAO redistribute profits/surplus on a basis other than capital holdings?,0.0,Does not answer question,Unable to find an adequate source,Charles Adjovu,MakerDAO,,
PDC-05,Practicing DAO Cooperativism,Accountability,Does the DAO have any accountability mechanisms that subject the power of leaders and managers to the members?,50.0,Partial,"Facilitators of Core Units can be offboarded following MIP4c2-SP15. Though, there does not appear to be explicit language on accountability mechanisms. However, no sources found regarding accountability mechanisms for Delegates.",Charles Adjovu,MakerDAO,,
PDC-06,Practicing DAO Cooperativism,Accountability,"Does the DAO have an amendment procedure for its rules, procedures or policies?",100.0,Yes,The amendment procedure for MIPs is described in MIP4:Â MIP Amendment and Removal Process.,Charles Adjovu,MakerDAO,,
PDC-07,Practicing DAO Cooperativism,Accountability,Does the DAO have a decision-making matrix?,100.0,Yes,Maker DAO has determined the decisions major entities can have in Maker DAO.,Charles Adjovu,MakerDAO,,
PDC-08,Practicing DAO Cooperativism,Measurement,"Does the DAO have metrics beyond governance and finance, such as contributor well-being or happiness?",0.0,Does not answer question,Unable to find an adequate source,Charles Adjovu,MakerDAO,,
PDC-09,Practicing DAO Cooperativism,Ownership,Does the DAO have separate tokens for governance and economic rights?,0.0,No,"MakerDAO's token (MKR) acts as a governance token and a re-capitalization source.
",Charles Adjovu,MakerDAO,,
PDC-10,Practicing DAO Cooperativism,Economic,Does the DAO not make governance tokens tradeable?,0.0,No,MakerDAO's governance token (MKR) is tradable in multiple markets.,Charles Adjovu,MakerDAO,,
PDC-11,Practicing DAO Cooperativism,Engagement,Does the DAO provide education and training opportunities for members to meaningful participate in governance?,100.0,Yes,"MakerDAO offers multiple resources for members to educate themselves about MakerDAO's governance processes on the Learn section of their website, such as [How Voting Works](https://makerdao.world/en/learn/governance/how-voting-works), [Participation Tools](https://makerdao.world/en/learn/governance/participate),  [Voting Wallet Setup](https://makerdao.world/en/learn/governance/voting-setup/), and [Governance FAQs](https://makerdao.world/en/learn/governance/governance-faq), and [Awesome MakerDAO](https://awesome.makerdao.com/#faqs).",Charles Adjovu,MakerDAO,,
CPB-01,Cultural Patterns and Brand,Narratives,Does the DAO publish content on its activites in its' public channels?,100.0,Yes,MakerDAO posts about it's activities on it's public channels including Twitter and YouTube.,Charles Adjovu,MakerDAO,,
CPB-02,Cultural Patterns and Brand,Identity,"Does the DAO make an explicit, clearly articulated statement of its purpose, values and norms?",100.0,Yes,"MakerDAO explicitly states its' five core governance principles:

1. Scientific Governance
2. Serving the underserved
3. Sustainable Finance
4. Gradual Decentralization
5. Driving Dai Adoption
",Charles Adjovu,MakerDAO,,
IDA-01,Information & Data Transparency,Analytics,Does the DAO provide an organizational analytics dashboard?,100.0,Yes,"Maker DAO has an organizational analytics dashboard, but it is missing information on forum activity and other social data.",Charles Adjovu,MakerDAO,,
IDA-02,Information & Data Transparency,Information,"Does the DAO make its governance activities (e.g., proposals, decisions) publicly accessible at free to low-cost?",100.0,Yes,"MakerDAO's governance activities can be found on the:

1. MakerDAO: Governance Analytics Dashboard,
2. MCD Governance Tracker, and
3. Governance Voting Portal",Charles Adjovu,MakerDAO,,
IDA-03,Information & Data Transparency,Information,"Does the DAO make its organizational documents (bylaws, policies, strategic plan, etc.) publicly accessible at free to low-cost?",100.0,Yes,"Maker DAOs organizational documents are generally stored in their Maker Improvement Proposal (MIPs) Portal, or described in the Maker Operation Manual and FAQs.",Charles Adjovu,MakerDAO,,
IDA-04,Information & Data Transparency,Information,"Does the DAO make its technologies open source or source available, and publicly accessible at free to low-cost?",100.0,Yes,"MakerDAO has licensed the MakerDAO protocol under the Apache License, Version 2.0. Additionally, Maker DAO describes how to use the Maker protocol in the Maker Technical Docs.",Charles Adjovu,MakerDAO,,
IDA-05,Information & Data Transparency,Audit,"Does the DAO explicitly report whether any Web3 tools it uses, internally or externally, have been audited?",100.0,Yes,"MakerDAO has multiple, publicly-accessible audits for Multi-collateral DAI and Single-collateral DAI.",Charles Adjovu,MakerDAO,,
IDA-06,Information & Data Transparency,Information,"Does the DAO explicitly state that it operates on, or interacts with, more than one (1) blockchain?",50.0,Partial,"Maker DAO does operate primarily on Ethereum, has a strategy for a multi-chain expansion, and has bridges to multiple blockchains (e.g., Solana), but does not explicitly state so in an easy to find manner for visitors.",Charles Adjovu,MakerDAO,,
IDA-07,Information & Data Transparency,Compensation,Does the DAO explicitly describe itâ€™s financial incentive or compensation structure for contributors?,100.0,Yes,"Maker DAO describes how Core Units budget resources and compensate contributors in MIP4c2-SP19:Â MIP40 Budget Process Amendment. Additionally, there is a recognized process for compensating recognized delegates.",Charles Adjovu,MakerDAO,,
D2D-01,DAO2DAO,Transactions,Does the DAO have any planned transactions with another DAO?,100.0,Yes,"Maker DAO has a planned transaction with Optimism, described in â€œThe Interstellar Dai Journeyâ€ proposal.",Charles Adjovu,MakerDAO,,
D2D-02,DAO2DAO,Transactions,Does the DAO have any current transactions with another DAO?,100.0,Yes,Maker DAO has a current transaction with Osmosis via Maker Teleport.,Charles Adjovu,MakerDAO,,
OT-01,Organizational Technology,Tool,Does the DAO currently use any Web3 organizational technology for business-to-business operations?,100.0,Yes,Maker Teleport is used by  Maker DAO for B2B operations.,Charles Adjovu,MakerDAO,,
OT-02,Organizational Technology,Tool,Does the DAO currently use any Web3 organizational technology for treasury management?,100.0,Yes,Maker DAO uses Gnosis Safe as tool for one of it's multi-signature wallets.,Charles Adjovu,MakerDAO,,
OT-03,Organizational Technology,Tool,Does the DAO currently use any Web3 organizational technology for contribution-tracking?,0.0,No,Maker DAO does not use any Web3 organizational technology for contribution-tracking.,Charles Adjovu,MakerDAO,,
OT-04,Organizational Technology,Tool,Does the DAO currently use any Web3 organizational technology for decision-making?,100.0,Yes,MakerDAO utilizes their Maker Governance Portal for governance activities. Members of MakerDAO can login with their Web3 wallet and interact with the portal.,Charles Adjovu,MakerDAO,,
HCAG-01,Human-centered Algorithmic Governance,Accountability,Does the DAO explicitly acknowledge the possible vulnerabilities of algorithmic decision-making?,100.0,Yes,Maker DAO acknowledges the possible vulnerabilities of algorithmic decision-making by including GSM (Governance Security Module) Pause Delay parameter in the Maker Protocol.,Charles Adjovu,MakerDAO,,
HCAG-02,Human-centered Algorithmic Governance,Engagement,"Does the DAO educate its members on the development and use of algorithms, as they pertain to the DAO?",50.0,Partial,"Maker DAO provides technical documentation on the Maker Protocol in the Maker Operational Manual and Maker Technical Docs, but no educational materials to explain the development and use of algorithms.",Charles Adjovu,MakerDAO,,
HCAG-03,Human-centered Algorithmic Governance,Fairness & Bias,Does the DAO explicitly consider the short- and long-term social consequences of the algorithmic systems in the development and use of algorithms?,100.0,Yes,"Maker DAO is aware of the cosnequences of their algortihmic systems, as shown through their emergency procedures. Additionally, through the Dark Fix Mechanism.",Charles Adjovu,MakerDAO,,
BSP-01,Broad Stakeholder Participation,Economic Inequality,Is the DAO 's Gini Coefficient for economic tokens less than or equal to fifty percent ( <= 50%)?,0.0,Does not answer question,Unable to find an adequate source,Charles Adjovu,Optimism,Very hard,
BSP-02,Broad Stakeholder Participation,Voting Power,Is the Banzhaf Index for each individual member less than or equal to twenty-five percent (<= 25.0%)?,0.0,Does not answer question,Unable to find an adequate source,Charles Adjovu,Optimism,Medium,
BSP-03,Broad Stakeholder Participation,Communication,Does the DAO explicitly state that private communication channels are for sensitive or confidential matters?,0.0,Does not answer question,Unable to find an adequate source,Charles Adjovu,Optimism,Very hard,
BSP-04,Broad Stakeholder Participation,Identity,Does the DAO explicitly require members to verify that they have a unique digital identity?,50.0,Partial,"Optimism Collective (OC) requires members of the Citizens' House to have an entry (i.e., obtain citizenship) in the AttestationStation smart contract. However, a unique digital identity is not required for members of the Token House. Though, if a Token House member seeks to sit on a committee, they will need to complete a Know Your Customer (KYC) procedure with the Optimism Foundation.",Charles Adjovu,Optimism,Easy,"Citizenship,Operating Manual v0.3.5: The Token House and Citizens' House,Phase 1 Committee Formation Proposal Template"
BSP-05,Broad Stakeholder Participation,Management,Does the DAO have any leadership roles?,100.0,Yes,The leadership roles are self-nominated or proxy-nominated Delegates.,Charles Adjovu,Optimism,Easy,"Optimism Delegation FAQ,How to Delegate Your Tokens"
BSP-06,Broad Stakeholder Participation,Management,Does the DAO have any management roles?,100.0,Yes,"TheÂ Committee Lead role on governance committees can be considered a management role. The Committee Lead is responsible for the ""general coordination of the committee....""",Charles Adjovu,Optimism,Medium,"Committees: Next Steps for Season 2,Introducing Governance Committees,Grants Council: Internal Operating Procedures"
BSP-07,Broad Stakeholder Participation,Conduct,"Does the DAO require members to adhere to a standard of conduct, such as described in a code of conduct?",100.0,Yes,"Optimism's code of conduct applies to all active delegates, badgeholders, grant recipients (â€œOptimistsâ€).",Charles Adjovu,Optimism,Medium,Optimism Code of Conduct
BSP-08,Broad Stakeholder Participation,Language,Does the DAO provide a glossary of internal terms?,50.0,Partial,"Optimism Collective defines all the relevant terms in OC's governance. However, the terms are not collated into a single document.",Charles Adjovu,Optimism,Easy,"What is the Optimism Collective?,Operating Manual v0.3.5: The Token House and Citizens' House"
BSP-09,Broad Stakeholder Participation,Governance,Does the DAO use a participatory governance model?,50.0,Partial,"Optimism utilizes a bicameral referendum (or proposal-based) system. The governing bodies are the Token House and the Citizens House. OP holders in the Token House vote on the following proposals:
- Governance fundÂ grants
- Protocol upgrades
- Inflation adjustment
- Director removal
- Treasury appropriations
- Rights protection

The Citizens' House is responsible for retroactive public goods funding (RPGF)Â . The Token House utilizes a token-based weighted scheme, while the Citizens' House utilizes a one-identity, one-vote scheme. In the Token House, OP token holders can vote themselves or delegate to another OP token holder, a delegate. There are no restrictions on who can become a delegate in the Token House. In the Citizens' House, OP token holders who hold a voting badge can vote in RetroPGF rounds. It does not appear to be that delegation is allowed in the Citizens' House.

OP holders in the Token House also approves topic-specific committees to advise OP holders and delegates on proposals.
.",Charles Adjovu,Optimism,Hard,"RetroPGF Round 2,Citizenship,Operating Manual v0.3.5: The Token House and Citizens' House,Optimism Delegation FAQ,What is the Optimism Collective?,DeFi Committee A: Season 2 Recommendations"
BSP-10,Broad Stakeholder Participation,Dispute Resolution,Does the DAO have an explicitly defined dispute resolution mechanism?,50.0,Partial,"The Optimism Foundation is tasked with handling disputes that may arise in the Optimism Collective (OC). However, no explicitly defined procedure exists for dispute resolution.",Charles Adjovu,Optimism,Medium,Operating Manual v0.3.5: The Token House and Citizens' House
BSP-11,Broad Stakeholder Participation,Ownership,Does the DAO have a shared ownership model?,0.0,No,"OP token holders have governance rights, but not economic rights. Though, OP tokens are tradeable on multiple markets, giving OP tokens an economic value.",Charles Adjovu,Optimism,Medium,"OP Economics,OP Allocations"
BSP-12,Broad Stakeholder Participation,Management,Does the DAO have a well-defined procedure for how members can take defined leadership or management roles?,100.0,Yes,"Optimism's process for becoming a Delegate in the Token House governing body is a self-nomination process. Ideally, a OP token holder will create a delegate profile on Optimism Agora.",Charles Adjovu,Optimism,Medium,"Optimism Delegation FAQ,Operating Manual v0.3.5: The Token House and Citizens' House,What it takes to become a Delegate?"
BSP-13,Broad Stakeholder Participation,Economic,Does the DAO provide members multifaceted activities to receive rewards?,100.0,Yes,Members can receive compensation for contributing to OP as a core contributor and as a committee member for Token House governance.,Charles Adjovu,Optimism,Medium,"Phase 1 Committee Formation Proposal Template,Committees: Next Steps for Season 2,What is the Optimism Collective?,OP Allocations"
CBC-01,Cross-border Coordination,Geolocation,Does the DAO have leadership from multiple geographic regions?,100.0,Yes,"Optimism Collective (OC) has delegates from multiple countries. Notably, Lefteris Karapetsas, located in Berlin, Germany, Europe, and Penn Blockchain, located in Pennsylvania, United States of America, North America.",Charles Adjovu,Optimism,Hard,"Optimism Delegates,Penn Blockchain profile on Tally as an Optimism Delegate,Lefteris Karapetsas profile on Tally as an Optimism Delegate"
CBC-02,Cross-border Coordination,Geolocation,Does the DAO have members in multiple geographic regions?,100.0,Yes,"Optimism Collective (OC) has delegates from multiple countries. Notably, Lefteris Karapetsas, located in Berlin, Germany, Europe, and Penn Blockchain, located in Pennsylvania, United States of America, North America.",Charles Adjovu,Optimism,Hard,"Optimism Delegates,Penn Blockchain profile on Tally as an Optimism Delegate,Lefteris Karapetsas profile on Tally as an Optimism Delegate"
CBC-03,Cross-border Coordination,Geolocation,Does the DAO have managers from multiple geographic regions?,100.0,Yes,"Optimism Collective (OC) has managers from multiple geographic regions. Notably, on the Grants Council, GFX Labs from North America, and Krzysztof UrbaÅ„ski from Europe.",Charles Adjovu,Optimism,Very hard,"Committees: Next Steps for Season 2,Builders Sub-Committee,kaereste.eth Profile on Twitter,Growth Experiments Sub-Committee,GFX Labs Profile on Twitter,Grants Council: Season 3 Launch,Grants Council: Internal Operating Procedures"
PDC-01,Practicing DAO Cooperativism,Economic,Does the DAO have a collective treasury (or multisig account)?,100.0,Yes,Optimism has a multi-sig account via Gnosis Safe.,Charles Adjovu,Optimism,Easy,"Optimism's Multi-sig Profile on Tally,Optimism Foundation Gnosis Safe"
PDC-02,Practicing DAO Cooperativism,Measurement,"Does the DAO have currencies recognizing value beyond financial relations, such as labor, contributor well-being, or environmental impact?",0.0,No,Optimism Collective (OP) does not use a specific currency to recognize contributions beyond financial holdings.,Charles Adjovu,Optimism,Easy,"What is the Optimism Collective?,OP Economics,OP Allocations"
PDC-03,Practicing DAO Cooperativism,Identity,Does the DAO have a collective membership mark to signify membership in the DAO?,100.0,Yes,Collective Membership is signified by ownership or possession of the OP token.,Charles Adjovu,Optimism,Easy,What is the Optimism Collective?
PDC-04,Practicing DAO Cooperativism,Economic,Does the DAO redistribute profits/surplus on a basis other than capital holdings?,100.0,Yes,"Optimism Collective redistributes profit/surplus from direct or auctioned sequencer revenue to fund public goods projects via RetroPGF. Notably, for OP token holders, ""[v]alue accrues ...Â through the productive re-deployment of sequencer revenue."" In other words, the redistribution of direct or auctioned sequencer revenue will lead to OP tokens becoming more valuable, thereby increasing the value of an OP token holder's OP token holdings.",Charles Adjovu,Optimism,Easy,"OP Economics,OP Allocations"
PDC-05,Practicing DAO Cooperativism,Accountability,Does the DAO have any accountability mechanisms that subject the power of leaders and managers to the members?,100.0,Yes,"Optimism Collective's (OC) Code of Conduct act as a formal accountability mechanism for all active delegates, badgeholders, grant recipients. The Code of Conduct describes the accountability mechanisms in the Accountability section. Additionally, it is the Optimism Foundation's responsibility to ""facilitate the administration of the governance procedures described ... with the aim of ensuring that members of the Collective may participate thoughtfully in governance."" Lastly, the Code of Conduct also describes enforcement actions for violations of the Code of Conduct.",Charles Adjovu,Optimism,Medium,"Optimism Code of Conduct,Operating Manual v0.3.5: The Token House and Citizens' House,Delegate Commitments"
PDC-06,Practicing DAO Cooperativism,Accountability,"Does the DAO have an amendment procedure for its rules, procedures or policies?",50.0,Partial,"Optimism Collective (OC) has an amendment procedure, but the amendment procedure is not well-defined.",Charles Adjovu,Optimism,Easy,Operating Manual v0.3.5: The Token House and Citizens' House
PDC-07,Practicing DAO Cooperativism,Accountability,Does the DAO have a decision-making matrix?,50.0,Partial,"Optimism has a defined governance process, described in the OPerating Manual. The Operating Manual describes the types of proposals members of the Token House can vote on, and the procedure for RetroPGF for Citizens' House members. Additionally, the decision-making processes are described for Committees. However, it would be better to have all decision-making processes and bodies described in a single document.",Charles Adjovu,Optimism,Medium,"Operating Manual v0.3.5: The Token House and Citizens' House,Committees: Next Steps for Season 2,Phase 1 Committee Formation Proposal Template"
PDC-08,Practicing DAO Cooperativism,Measurement,"Does the DAO have metrics beyond governance and finance, such as contributor well-being or happiness?",0.0,Does not answer question,Unable to find an adequate source,Charles Adjovu,Optimism,Very hard,
PDC-09,Practicing DAO Cooperativism,Ownership,Does the DAO have separate tokens for governance and economic rights?,0.0,No,"Optimism Collective's (OC) OP token grants holders governance rights  over the Optimism ecosystem, and economic rights from OP tokens accruing value.",Charles Adjovu,Optimism,Easy,OP Economics
PDC-10,Practicing DAO Cooperativism,Economic,Does the DAO not make governance tokens tradeable?,0.0,No,OP tokens are tradeable in multiple markets.,Charles Adjovu,Optimism,Easy,Optimism (OP) Profile on CoinGecko
PDC-11,Practicing DAO Cooperativism,Engagement,Does the DAO provide education and training opportunities for members to meaningful participate in governance?,50.0,Partial,"Optimism Collective (OC) provides a guide to delegation in How to Delegate Your Tokens, and for submitting a proposal in Submitting Proposals. Additionally, OC provides a standard proposal template. Though, other than the aforementioned resources, there is a lack of resources to educate members on governance activities.
",Charles Adjovu,Optimism,Easy,"Submitting Proposals,How to Delegate Your Tokens,Operating Manual v0.3.5: The Token House and Citizens' House,Standard Proposal Template â€“ Optimism Token House"
CPB-01,Cultural Patterns and Brand,Narratives,Does the DAO publish content on its activites in its' public channels?,100.0,Yes,"The Optimism Collective (OC) publishes updates on its activities on the OC Blog on Mirror, and Twitter.",Charles Adjovu,Optimism,Easy,"The Optimism Collective on Mirror,Optimism (âœ¨ðŸ”´_ðŸ”´âœ¨) Profile on Twitter"
CPB-02,Cultural Patterns and Brand,Identity,"Does the DAO make an explicit, clearly articulated statement of its purpose, values and norms?",100.0,Yes,"The Optimism Collective (OC) has an explicit, clearly articulated statement of its purpose, values and norms, described in the Working Constitution. The OC's mission is to ""reward public goods and build a sustainable future for Ethereum."" The members are expected to adhere to ""the principle that positive impact to the collective should be rewarded with profit to the individual."" Additionally, the vision can be stated as a ""coordinated, collaborative cyberspace,"" or raising Ether's Phoenix.",Charles Adjovu,Optimism,Easy,"What is the Optimism Collective?,The Optimistic Vision,Etherâ€™s Phoenix,Working Constitution of the Optimism Collective"
IDA-01,Information & Data Transparency,Analytics,Does the DAO provide an organizational analytics dashboard?,0.0,Does not answer question,Unable to find an adequate source,Charles Adjovu,Optimism,Very hard,
IDA-02,Information & Data Transparency,Information,"Does the DAO make its governance activities (e.g., proposals, decisions) publicly accessible at free to low-cost?",100.0,Yes,Optimism's governance activities can be found on Optimism's profile on Snapshot.,Charles Adjovu,Optimism,Easy,"Optimism Profile on Snapshot,Passed Grant Proposals"
IDA-03,Information & Data Transparency,Information,"Does the DAO make its organizational documents (bylaws, policies, strategic plan, etc.) publicly accessible at free to low-cost?",100.0,Yes,"Optimism Collective's (OC) organizational documents are publicly accessible in the Optimism Docs, specifically, in the Governance section, the OPerating Manual of the Optimism Collective repository on GitHub, and the Working Constitution on the Optimism Governance Forum. However, the organizational documents can be better organized in the Optimism Docs. ",Charles Adjovu,Optimism,Medium,"Operating Manual v0.3.5: The Token House and Citizens' House,Working Constitution of the Optimism Collective,The Optimistic Vision,Optimism Docs,Governing Documents"
IDA-04,Information & Data Transparency,Information,"Does the DAO make its technologies open source or source available, and publicly accessible at free to low-cost?",100.0,Yes,"Optimism Collective (OC) makes its technological products open-source or source-available. The OP Stack, principally Bedrock, is licensed under the MIT License.
",Charles Adjovu,Optimism,Medium,"Welcome to the OP Stack,MIT License"
IDA-05,Information & Data Transparency,Audit,"Does the DAO explicitly report whether any Web3 tools it uses, internally or externally, have been audited?",100.0,Yes,"Optimism has had its software audited multiple times. Most recently, Trailofbits audited Bedrock.",Charles Adjovu,Optimism,Medium,"2023_01-Bedrock_Updates-TrailOfBits.pdf,Optimism's Security Model"
IDA-06,Information & Data Transparency,Information,"Does the DAO explicitly state that it operates on, or interacts with, more than one (1) blockchain?",100.0,Yes,"Optimism has stated that it operates on the Ethereum blockchain (Layer 1) and the Optimism blockchain (Layer 2). Additionally, Optimism is working on developing Superchain, infrastructure for developing blockchain networks on the OP stack.",Charles Adjovu,Optimism,Medium,"Bridging basics,Optimism Goes mÌ¶uÌ¶lÌ¶tÌ¶iÌ¶ Superchain,Superchain"
IDA-07,Information & Data Transparency,Compensation,Does the DAO explicitly describe itâ€™s financial incentive or compensation structure for contributors?,100.0,Yes,"Optimism Collective (OC) has allocated OP tokens for five different funds: 1) Ecosystem Fund, 2) Retroactive Public Goods Funding (RetroPGF), 3) User airdrops, 4) Core contributors, and 5) Sugar xaddies.

OC also describes the compensation structure for Token House members who participate on committees. OC also runs a bug bounty program. ",Charles Adjovu,Optimism,Medium,"OP Allocations,Committees: Next Steps for Season 2,Bug Bounties,Optimism Profile on Immunefi"
D2D-01,DAO2DAO,Transactions,Does the DAO have any planned transactions with another DAO?,0.0,Does not answer question,Unable to find an adequate source,Charles Adjovu,Optimism,Very hard,
D2D-02,DAO2DAO,Transactions,Does the DAO have any current transactions with another DAO?,100.0,Yes,"Optimism Collective (OC) has transactions with multiple DAOs, such as Bankless DAO, as the recent recipients of RetroPGF Round 2.",Charles Adjovu,Optimism,Medium,Announcing the Results of RetroPGF 2
OT-01,Organizational Technology,Tool,Does the DAO currently use any Web3 organizational technology for business-to-business operations?,0.0,Does not answer question,Unable to find an adequate source,Charles Adjovu,Optimism,Very hard,
OT-02,Organizational Technology,Tool,Does the DAO currently use any Web3 organizational technology for treasury management?,100.0,Yes,Optimism utilizes Gnosis Safe,Charles Adjovu,Optimism,Easy,Optimism's Multi-sig Profile on Tally
OT-03,Organizational Technology,Tool,Does the DAO currently use any Web3 organizational technology for contribution-tracking?,0.0,Does not answer question,Unable to find an adequate source,Charles Adjovu,Optimism,Very hard,
OT-04,Organizational Technology,Tool,Does the DAO currently use any Web3 organizational technology for decision-making?,100.0,Yes,"Optimism utilizes Snapshot, Token House Governance Contract, and Optimism Governance Portal.
",Charles Adjovu,Optimism,Easy,"Optimism Profile on DeepDAO,Operating Manual v0.3.5: The Token House and Citizens' House"
HCAG-01,Human-centered Algorithmic Governance,Accountability,Does the DAO explicitly acknowledge the possible vulnerabilities of algorithmic decision-making?,0.0,Does not answer question,Unable to find an adequate source,Charles Adjovu,Optimism,Easy,
HCAG-02,Human-centered Algorithmic Governance,Engagement,"Does the DAO educate its members on the development and use of algorithms, as they pertain to the DAO?",50.0,Partial,"Optimism Collective (OP) does educate members on the badge distribution (or voter selection process) and voting mechanism for RetroPGF rounds. However, no information or educational resources could be found regarding Optimism Agora and Token House Governance Contract.",Charles Adjovu,Optimism,Hard,"RetroPGF Round 2,Optimism RetroPGF 2: Project Manual ,Operating Manual v0.3.5: The Token House and Citizens' House,Optimism Agora"
HCAG-03,Human-centered Algorithmic Governance,Fairness & Bias,Does the DAO explicitly consider the short- and long-term social consequences of the algorithmic systems in the development and use of algorithms?,50.0,Partial,Optimism Collective does consider the harms that security bugs could cause to users.,Charles Adjovu,Optimism,Very hard,"""Security Policy, Vulnerability Reporting, and Bug Bounties"""
BSP-01,Broad Stakeholder Participation,Economic Inequality,Is the DAO 's Gini Coefficient for economic tokens less than or equal to fifty percent ( <= 50%)?,0.0,Does not answer question,Unable to find an adequate source.,Charles Adjovu,PrimeDAO,,
BSP-02,Broad Stakeholder Participation,Voting Power,Is the Banzhaf Index for each individual member less than or equal to twenty-five percent (<= 25.0%)?,0.0,Does not answer question,Unable to find an adequate source.,Charles Adjovu,PrimeDAO,,
BSP-03,Broad Stakeholder Participation,Communication,Does the DAO explicitly state that private communication channels are for sensitive or confidential matters?,0.0,Does not answer question,Unable to find an adequate source.,Charles Adjovu,PrimeDAO,,
BSP-04,Broad Stakeholder Participation,Identity,Does the DAO explicitly require members to verify that they have a unique digital identity?,50.0,Partial,"Prime DAO requires contributors to provide their past work history and to make a post about joining Prime DAO on social media (e.g., Twitter), but does not explicitly require members to have unique digital identities. ",Charles Adjovu,PrimeDAO,,
BSP-05,Broad Stakeholder Participation,Management,Does the DAO have any leadership roles?,0.0,Does not answer question,Unable to find an adequate source.,Charles Adjovu,PrimeDAO,,
BSP-06,Broad Stakeholder Participation,Management,Does the DAO have any management roles?,0.0,Does not answer question,Unable to find an adequate source.,Charles Adjovu,PrimeDAO,,
BSP-07,Broad Stakeholder Participation,Conduct,"Does the DAO require members to adhere to a standard of conduct, such as described in a code of conduct?",100.0,Yes,"PrimeDAO has a code of conduct with 4 key principles:

1. Talent Inclusivity
2. Background Diversity
3. Integrity
4. Facilitating the adoption of open finance",Charles Adjovu,PrimeDAO,,
BSP-08,Broad Stakeholder Participation,Language,Does the DAO provide a glossary of internal terms?,0.0,Does not answer question,Unable to find an adequate source.,Charles Adjovu,PrimeDAO,,
BSP-09,Broad Stakeholder Participation,Governance,Does the DAO use a participatory governance model?,100.0,Yes,"PrimeDAO uses a participatory proposal system (i.e., a referendum system), with proposals submitted, deliebrated, and finalized during a builder cycle.",Charles Adjovu,PrimeDAO,,
BSP-10,Broad Stakeholder Participation,Dispute Resolution,Does the DAO have an explicitly defined dispute resolution mechanism?,0.0,Does not answer question,Unable to find an adequate source,Charles Adjovu,PrimeDAO,,
BSP-11,Broad Stakeholder Participation,Ownership,Does the DAO have a shared ownership model?,100.0,Yes,"PrimeDAO has a shared ownership model where ownership (governance (REP) and economic rights (PRIME)) is shared among ambassadors and contributors (can be an individual or organization). Generally, a person can vest their PRIME tokens to generate REP tokens. A person can receive PRIME tokens for contributing as an ambassador or contributor, and can then in turn vest their PRIME tokens for REP tokens. Thus, members of PrimeDAO can elect to participate in the DAO's governance systems. It appears that anyone can earn PRIME or REP tokens, as long as they make a contribution. ",Charles Adjovu,PrimeDAO,,
BSP-12,Broad Stakeholder Participation,Management,Does the DAO have a well-defined procedure for how members can take defined leadership or management roles?,0.0,Does not answer question,Unable to find an adequate source,Charles Adjovu,PrimeDAO,,
BSP-13,Broad Stakeholder Participation,Economic,Does the DAO provide members multifaceted activities to receive rewards?,100.0,Yes,PrimeDAO accepts contributions of various kinds from contributors including technical development of DeFi protocols and safety assessments of DeFi protocols.,Charles Adjovu,PrimeDAO,,
CBC-01,Cross-border Coordination,Geolocation,Does the DAO have leadership from multiple geographic regions?,0.0,Does not answer question,Unable to find an adequate source,Charles Adjovu,PrimeDAO,,
CBC-02,Cross-border Coordination,Geolocation,Does the DAO have members in multiple geographic regions?,0.0,Does not answer question,Unable to find an adequate source,Charles Adjovu,PrimeDAO,,
CBC-03,Cross-border Coordination,Geolocation,Does the DAO have managers from multiple geographic regions?,0.0,Does not answer question,Unable to find an adequate source,Charles Adjovu,PrimeDAO,,
PDC-01,Practicing DAO Cooperativism,Economic,Does the DAO have a collective treasury (or multisig account)?,100.0,Yes,PrimeDAO has a Gnosis Safe account. ,Charles Adjovu,PrimeDAO,,
PDC-02,Practicing DAO Cooperativism,Measurement,"Does the DAO have currencies recognizing value beyond financial relations, such as labor, contributor well-being, or environmental impact?",100.0,Yes,PrimeDAO utilizes REP tokens to recognize participation in governance activities.,Charles Adjovu,PrimeDAO,,
PDC-03,Practicing DAO Cooperativism,Identity,Does the DAO have a collective membership mark to signify membership in the DAO?,0.0,No,PrimeDAO does not have a collective membership mark.,Charles Adjovu,PrimeDAO,,
PDC-04,Practicing DAO Cooperativism,Economic,Does the DAO redistribute profits/surplus on a basis other than capital holdings?,0.0,Does not answer question,Unable to find an adequate source,Charles Adjovu,PrimeDAO,,
PDC-05,Practicing DAO Cooperativism,Accountability,Does the DAO have any accountability mechanisms that subject the power of leaders and managers to the members?,0.0,Does not answer question,Unable to find an adequate source,Charles Adjovu,PrimeDAO,,
PDC-06,Practicing DAO Cooperativism,Accountability,"Does the DAO have an amendment procedure for its rules, procedures or policies?",0.0,Does not answer question,Unable to find an adequate source,Charles Adjovu,PrimeDAO,,
PDC-07,Practicing DAO Cooperativism,Accountability,Does the DAO have a decision-making matrix?,0.0,Does not answer question,Unable to find an adequate source,Charles Adjovu,PrimeDAO,,
PDC-08,Practicing DAO Cooperativism,Measurement,"Does the DAO have metrics beyond governance and finance, such as contributor well-being or happiness?",0.0,Does not answer question,Unable to find an adequate source,Charles Adjovu,PrimeDAO,,
PDC-09,Practicing DAO Cooperativism,Ownership,Does the DAO have separate tokens for governance and economic rights?,50.0,Partial,"PrimeDAO has REP tokens for governance rights, D2D (formerly PRIME) tokens for economic rewards, and other cryptocurrencies are used for compensation.However, PRIME tokens (unsure if this is still the same for D2D token) can be locked or vested in return for REP tokens. ",Charles Adjovu,PrimeDAO,,
PDC-10,Practicing DAO Cooperativism,Economic,Does the DAO not make governance tokens tradeable?,100.0,Yes,REP tokens are non-transferable.,Charles Adjovu,PrimeDAO,,
PDC-11,Practicing DAO Cooperativism,Engagement,Does the DAO provide education and training opportunities for members to meaningful participate in governance?,0.0,Does not answer question,Unable to find an adequate source,Charles Adjovu,PrimeDAO,,
CPB-01,Cultural Patterns and Brand,Narratives,Does the DAO publish content on its activites in its' public channels?,100.0,Yes,PrimeDAO communicates its activities to the public on its Medium blog and Twitter account.,Charles Adjovu,PrimeDAO,,
CPB-02,Cultural Patterns and Brand,Identity,"Does the DAO make an explicit, clearly articulated statement of its purpose, values and norms?",100.0,Yes,"PrimeDAO clearly articulates its purpose, values and norms on its Introduction page on it's wiki.

PrimeDAO's mission is:

Facilitate wide adoption of open finance by coordinating and cultivating projects that promote safety, reliability, liquidity, and open access, while avoiding centralized appropriation of critical financial infrastructure through decentralized governance.

PrimeDAO has four key goals:

1. Liquidity: In DeFi, liquidity must be efficiently utilized such that slippage and user experience are on par with centralized exchanges. Aggregation and layer-2 technologies available today provide powerful tools that realize economies of scale. PrimeDAOâ€™s first product is a liquidity aggregator that provides best-price discovery, slippage reduction, and reliable settlement.
2. Safety: Smart contracts need to be less exploitable than centralized exchanges and must function as intended under all circumstances (e.g. network congestion, rapid market movements). Cross-project audits, increased integration testing, ecosystem bug bounties, and insurance mechanisms can improve overall safety and confidence. As one of its first products, PrimeDAO will prioritize creating a decentralized DeFi Safety Interface that informs and guides DeFi adopters.
3. Reliability: Price feed accuracy and transaction settlement success rates must be on par with those of centralized exchanges. When things go wrong, consensus decisions on remedies must swiftly be enacted so that mainstream users feel as secure as they would using a centralized exchange.
4. Governance: PrimeDAO will govern and allocate resources towards contributors for building, auditing, and maintaining its DeFi mechanisms and products. PrimeDAO aims to form a widely networked organization of interlinked DAOs, builder teams, and key individuals that efficiently coordinate systemic DeFi advancement, forming a sustainable home and neighborhood for DeFi builders and enthusiasts.",Charles Adjovu,PrimeDAO,,
IDA-01,Information & Data Transparency,Analytics,Does the DAO provide an organizational analytics dashboard?,0.0,Does not answer question,Unable to find an adequate source,Charles Adjovu,PrimeDAO,,
IDA-02,Information & Data Transparency,Information,"Does the DAO make its governance activities (e.g., proposals, decisions) publicly accessible at free to low-cost?",100.0,Yes,"PrimeDAO's governance activities can be found on third party DAO discovery engines for free to low cost. Additionally, PrimeDAO's governance activities can be found on DAOstack and Snapshot for free to low cost. ",Charles Adjovu,PrimeDAO,,
IDA-03,Information & Data Transparency,Information,"Does the DAO make its organizational documents (bylaws, policies, strategic plan, etc.) publicly accessible at free to low-cost?",100.0,Yes,PrimeDAO's organizational documents can be found on it's wiki or blog. ,Charles Adjovu,PrimeDAO,,
IDA-04,Information & Data Transparency,Information,"Does the DAO make its technologies open source or source available, and publicly accessible at free to low-cost?",0.0,Does not answer question,Unable to find an adequate source,Charles Adjovu,PrimeDAO,,
IDA-05,Information & Data Transparency,Audit,"Does the DAO explicitly report whether any Web3 tools it uses, internally or externally, have been audited?",0.0,Does not answer question,Unable to find an adequate source,Charles Adjovu,PrimeDAO,,
IDA-06,Information & Data Transparency,Information,"Does the DAO explicitly state that it operates on, or interacts with, more than one (1) blockchain?",100.0,Yes,PrimeDAO explicitly states that it interacts with the Ethereum blockchain and the xDAI blockchain.,Charles Adjovu,PrimeDAO,,
IDA-07,Information & Data Transparency,Compensation,Does the DAO explicitly describe itâ€™s financial incentive or compensation structure for contributors?,100.0,Yes,"PrimeDAO describes how contributers are compensated for the contributions in their tokenomics model. Though, there may be some changes as PrimeDAO transitions from the PRIME token to D2D token.",Charles Adjovu,PrimeDAO,,
D2D-01,DAO2DAO,Transactions,Does the DAO have any planned transactions with another DAO?,100.0,Yes,"PrimeDAO has a planned partnership with FiatDAO, and OlympusDAO",Charles Adjovu,PrimeDAO,,
D2D-02,DAO2DAO,Transactions,Does the DAO have any current transactions with another DAO?,100.0,Yes,PrimeDAO has a current transaction with OlympusDAO,Charles Adjovu,PrimeDAO,,
OT-01,Organizational Technology,Tool,Does the DAO currently use any Web3 organizational technology for business-to-business operations?,100.0,Yes,PrimeDAO is or has used the Prime Deals platform.,Charles Adjovu,PrimeDAO,,
OT-02,Organizational Technology,Tool,Does the DAO currently use any Web3 organizational technology for treasury management?,100.0,Yes,PrimeDAO utilizes Gnosis Safe for treasury management.,Charles Adjovu,PrimeDAO,,
OT-03,Organizational Technology,Tool,Does the DAO currently use any Web3 organizational technology for contribution-tracking?,0.0,Does not answer question,Unable to find an adequate source,Charles Adjovu,PrimeDAO,,
OT-04,Organizational Technology,Tool,Does the DAO currently use any Web3 organizational technology for decision-making?,100.0,Yes,PrimeDAO uses Snapshot and DAOstack for decision-making.,Charles Adjovu,PrimeDAO,,
HCAG-01,Human-centered Algorithmic Governance,Accountability,Does the DAO explicitly acknowledge the possible vulnerabilites of algorithmic decsion-making?,0.0,Does not answer question,Unable to find an adequate source,Charles Adjovu,PrimeDAO,,
HCAG-02,Human-centered Algorithmic Governance,Engagement,"Does the DAO educate its members on the development and use of algorithms, as they pertain to the DAO?",0.0,Does not answer question,Unable to find an adequate source,Charles Adjovu,PrimeDAO,,
HCAG-03,Human-centered Algorithmic Governance,Fairness & Bias,Does the DAO explicitly consider the short- and long-term social consequences of the algorithmic systems in the development and use of algorithms?,0.0,Does not answer question,Unable to find an adequate source,Charles Adjovu,PrimeDAO,,
BSP-01,Broad Stakeholder Participation,Economic Inequality,Is the DAO 's Gini Coefficient for economic tokens less than or equal to fifty percent ( <= 50%)?,0.0,Does not answer question,Unable to find an adequate source,Charles Adjovu,Synthetix,Very hard,
BSP-02,Broad Stakeholder Participation,Voting Power,Is the Banzhaf Index for each individual member less than or equal to twenty-five percent (<= 25.0%)?,0.0,Does not answer question,Unable to find an adequate source,Charles Adjovu,Synthetix,Very hard,
BSP-03,Broad Stakeholder Participation,Communication,Does the DAO explicitly state that private communication channels are for sensitive or confidential matters?,0.0,Does not answer question,Unable to find an adequate source,Charles Adjovu,Synthetix,Very hard,
BSP-04,Broad Stakeholder Participation,Identity,Does the DAO explicitly require members to verify that they have a unique digital identity?,50.0,Partial,"Synthetix does not require SNX token holders to have a unique digital identity. However, council members (or elected officials) are presumed to have a unique digital identity because they are required to provide only one Ethereum address to participate in governance matters.",Charles Adjovu,Synthetix,Medium,"Elections and Voting,Spartan Council,Burt Rock (0x1f2B0633BB0623dCCebE57932d6731Ae93f5213E) Profile on Synthetix's Spartan Council,Synthetix Token (SNX)"
BSP-05,Broad Stakeholder Participation,Management,Does the DAO have any leadership roles?,100.0,Yes,The leadership roles in Synthetix are the elected roles in the councils and the core contributor committee.,Charles Adjovu,Synthetix,Easy,"Governance Framework,Core Contributor Committee"
BSP-06,Broad Stakeholder Participation,Management,Does the DAO have any management roles?,100.0,Yes,"A committee member on the Core Contributor Committee should be considered a management role. The CCC members ""onboard and offboard CC's, decide on appropriate resourcing, structure and prioritize CC's work, establish stipends and other compensations, and negotiate with the Treasuary Council, and outside partners.""",Charles Adjovu,Synthetix,Medium,Core Contributor Committee
BSP-07,Broad Stakeholder Participation,Conduct,"Does the DAO require members to adhere to a standard of conduct, such as described in a code of conduct?",0.0,Does not answer question,Unable to find an adequate source,Charles Adjovu,Synthetix,Hard,"Community Governance Process,Uniswap Governance Forum "
BSP-08,Broad Stakeholder Participation,Language,Does the DAO provide a glossary of internal terms?,50.0,Partial,"Synthetix defines the governing bodies and artifacts that are part of the governance framework. Additionally, Synthetix defines the SNX token and staking. However, Synthetix has not collated these terms into one, easy to navigate document.",Charles Adjovu,Synthetix,Medium,"Synthetix Report on DAOmeter,Synthetix Docs"
BSP-09,Broad Stakeholder Participation,Governance,Does the DAO use a participatory governance model?,50.0,Partial,"Synthetix utilizes a representative system were SNX token holders elect members to serve on councils (or governing bodies). Generally, voting weight is quadratically weighted for the amount of SNX staked, except for the Treasury council elections. The voting mechanism for elections appears to be majority-rule. It appears that any SNX staker can vote in elections. Lastly, the councils rely on rely on a self-nomination process to populate candidates, l. For the Core Contributor Committee (CCC), the Core Contributors (CC)   rely on a self-nomination process to populate candidates, and  a ranked-choice voting mechanism to select candidates.",Charles Adjovu,Synthetix,Easy,"Core Contributor Committee,Governance Framework,Synthetix Token (SNX),Treasury Council,Elections and Voting"
BSP-10,Broad Stakeholder Participation,Dispute Resolution,Does the DAO have an explicitly defined dispute resolution mechanism?,0.0,Does not answer question,Unable to find an adequate source,Charles Adjovu,Synthetix,Very hard,
BSP-11,Broad Stakeholder Participation,Ownership,Does the DAO have a shared ownership model?,100.0,Yes,SNX token holders have governance rights and economic rights.,Charles Adjovu,Synthetix,Medium,"Synthetix Token (SNX),Staking Guide,Elections and Voting,Governance Framework"
BSP-12,Broad Stakeholder Participation,Management,Does the DAO have a well-defined procedure for how members can take defined leadership or management roles?,50.0,Partial,"Synthetix has a well-defined procedure for taking leadership roles on multiple councils (Spartan Council, Treasury Council, Grants Council, Ambassador Council) through an election process, with token holders voting fully on-chain with the Synthetix Governance Module.",Charles Adjovu,Synthetix,Easy,Elections and Voting
BSP-13,Broad Stakeholder Participation,Economic,Does the DAO provide members multifaceted activities to receive rewards?,50.0,Partial,Members can receive rewards for staking SNX tokens and for being elected to a council/committee.,Charles Adjovu,Synthetix,Easy,"Synthetix Token (SNX),Elections and Voting,Spartan Council"
CBC-01,Cross-border Coordination,Geolocation,Does the DAO have leadership from multiple geographic regions?,100.0,Yes,"Synthetix has council members from multiple geographic regions. Notably, cyberduck, located in Europe, and ML_sudo, located in North America. ",Charles Adjovu,Synthetix,Medium,"cyberduck Profile on Synthetix's Spartan Council,ml_sudo Profile on Synthetix's Spartan Council,cyberduck Profile on Twitter,ml_sudo Profile on Twitter"
CBC-02,Cross-border Coordination,Geolocation,Does the DAO have members in multiple geographic regions?,100.0,Yes,"Synthetix has council members from multiple geographic regions. Notably, cyberduck, located in Europe, and ML_sudo, located in North America. ",Charles Adjovu,Synthetix,Medium,"cyberduck Profile on Synthetix's Spartan Council,ml_sudo Profile on Synthetix's Spartan Council,cyberduck Profile on Twitter,ml_sudo Profile on Twitter"
CBC-03,Cross-border Coordination,Geolocation,Does the DAO have managers from multiple geographic regions?,0.0,Does not answer question,Unable to find an adequate source,Charles Adjovu,Synthetix,Very hard,
PDC-01,Practicing DAO Cooperativism,Economic,Does the DAO have a collective treasury (or multisig account)?,100.0,Yes,"The Synthetix treasury at Ethereum address 0x99f4176ee457afedffcb1839c7ab7a030a5e4a92 is managed by the Synthetix Treasury Council, a council elected by SNX token holders who are staking their tokens.
",Charles Adjovu,Synthetix,Medium,"Synthetix: Treasury Council on Etherscan,SIP-155: Deprecating the synthetixDAO (ratifying the Treasury Council),Treasury Council,Synthetix Report on DAOmeter"
PDC-02,Practicing DAO Cooperativism,Measurement,"Does the DAO have currencies recognizing value beyond financial relations, such as labor, contributor well-being, or environmental impact?",0.0,No,Synthetix does not use a specific currency to recognize contributions beyond financial. ,Charles Adjovu,Synthetix,Easy,"Synthetix Token (SNX),Core Contributor Committee"
PDC-03,Practicing DAO Cooperativism,Identity,Does the DAO have a collective membership mark to signify membership in the DAO?,100.0,Yes,Collective Membership is signified by ownership or possession of the SNX token.,Charles Adjovu,Synthetix,Easy,Synthetix Token (SNX)
PDC-04,Practicing DAO Cooperativism,Economic,Does the DAO redistribute profits/surplus on a basis other than capital holdings?,0.0,No,"SNX token holders do not earn profits/surplus on a basis other than capital holdings (i.e., the amount of SNX tokens staked). ",Charles Adjovu,Synthetix,Easy,"The Role of Stakers,Synthetix Token (SNX)"
PDC-05,Practicing DAO Cooperativism,Accountability,Does the DAO have any accountability mechanisms that subject the power of leaders and managers to the members?,100.0,Yes,"The election process for councils, especially the four-month long terms for elected members, can be considered an accountability mechanism because under-performing or misbehaving elected members can be replaced at the next election cycle. The Spartan Council also has the power to ""slash a pDAO member's security bond if they act maliciously or bypass legitimate governance processes."" The pDAO can also automatically dismiss a Spartan Council member (i.e., Spartan Councillor) for inactivity.",Charles Adjovu,Synthetix,Medium,"Elections and Voting,Spartan Council,SIP-274: Introduction of an Inactivity Threshold in Spartan Council SIP and SCCP Vote Participation,SIP-274-Initiated Dismissal of 0x6a6d127afF67436D08fe4a295e7ac4D20508b26A from Spartan Council"
PDC-06,Practicing DAO Cooperativism,Accountability,"Does the DAO have an amendment procedure for its rules, procedures or policies?",100.0,Yes,Synthetix's amendment procedure is the passage of a new SIP/SCCP to replace or modify an existing SIP/SCCP.,Charles Adjovu,Synthetix,Easy,"Synthetix Improvement Proposals (SIPs) Repository,Synthetix Improvement Proposals (SIPs),SIP-286: Reduction in the Length of Council Election Periods,How to write SIP/SCCPs"
PDC-07,Practicing DAO Cooperativism,Accountability,Does the DAO have a decision-making matrix?,50.0,Partial,"Synthetix has a defined governance process, and provides a graphic showing the interaction between, and responsibilities of, decision-making and executive bodies. However, Synthetix does not provide information on the decision-making processes used within councils and the Core Contributor Committee.",Charles Adjovu,Synthetix,Medium,"Synthetix Governance Web-based Interface,Governance Framework"
PDC-08,Practicing DAO Cooperativism,Measurement,"Does the DAO have metrics beyond governance and finance, such as contributor well-being or happiness?",0.0,Does not answer question,Unable to find an adequate source,Charles Adjovu,Synthetix,Very hard,
PDC-09,Practicing DAO Cooperativism,Ownership,Does the DAO have separate tokens for governance and economic rights?,0.0,No,"Uniswap's token (UNI) acts as a governance token over the Uniswap protocol, and as an economic token because UNI token holders can receive fees if UNI token holders decide to turn on the fee switch.

Synthetix's SNX token grants holders governance rights (the right to vote in elections and stand for nomination in elections) and economic rights (earn rewards from trading fees and inflationary rewards via staking).",Charles Adjovu,Synthetix,Easy,Synthetix Token (SNX)
PDC-10,Practicing DAO Cooperativism,Economic,Does the DAO not make governance tokens tradeable?,0.0,No,SNX tokens are tradeable in multiple markets.,Charles Adjovu,Synthetix,Easy,Synthetix (SNX) Profile on CoinGecko
PDC-11,Practicing DAO Cooperativism,Engagement,Does the DAO provide education and training opportunities for members to meaningful participate in governance?,50.0,Partial,"Synthetix provides an Elections and Voting
guide covering elections, voting and the governance process, and a How to write SIP/SCCPs guide for writing SIPs/SCCPs. However, guides for being a council member or sitting on the Core Contributor Committee could not be found.",Charles Adjovu,Synthetix,Easy,"Elections and Voting,How to write SIP/SCCPs"
CPB-01,Cultural Patterns and Brand,Narratives,Does the DAO publish content on its activites in its' public channels?,100.0,Yes,Synthetix publishes updates on its activities on the Synthetix Blog and Twitter.,Charles Adjovu,Synthetix,Easy,"Synthetix Blog,Synthetix Profile on Twitter"
CPB-02,Cultural Patterns and Brand,Identity,"Does the DAO make an explicit, clearly articulated statement of its purpose, values and norms?",50.0,Partial,"Synthetix does not have an explicit statement of its purpose, values and norms. It can be assumed that Synthetix's mission is to ""reinventing how people exchange value,"" or to enable ""the creation of synthetic assets, offering unique derivatives and exposure to real-world assets on the blockchain.""",Charles Adjovu,Synthetix,Medium,"Synthetix 2021,Synthetix Homepage"
IDA-01,Information & Data Transparency,Analytics,Does the DAO provide an organizational analytics dashboard?,0.0,Does not answer question,Unable to find an adequate source,Charles Adjovu,Synthetix,Very hard,
IDA-02,Information & Data Transparency,Information,"Does the DAO make its governance activities (e.g., proposals, decisions) publicly accessible at free to low-cost?",100.0,Yes,"Synthetix's governance activities can be found in the Synthetix Improvement Proposals (SIP) repository and Synthetix Configuration Change Proposal (SCCPs) repository.
",Charles Adjovu,Synthetix,Easy,"Synthetix Improvement Proposals (SIPs) Repository,Synthetix Improvement Proposals (SIPs),Synthetix Configuration Change Proposal (SCCPs),All SCCPs,Synthetix SCCP/SIP profile on Snapshot"
IDA-03,Information & Data Transparency,Information,"Does the DAO make its organizational documents (bylaws, policies, strategic plan, etc.) publicly accessible at free to low-cost?",100.0,Yes,Synthetix's organizational documents are publicly accessible in the SIP/SCCP repository.,Charles Adjovu,Synthetix,Easy,"Synthetix Improvement Proposals (SIPs) Repository,Synthetix Improvement Proposals (SIPs)"
IDA-04,Information & Data Transparency,Information,"Does the DAO make its technologies open source or source available, and publicly accessible at free to low-cost?",100.0,Yes,"Synthetix makes its technological products open-source or source-available. Namely, synthetix-v3 and synthetix repositories are licensed under the MIT license.
",Charles Adjovu,Synthetix,Medium,"synthetix-v3 license,synthetix license"
IDA-05,Information & Data Transparency,Audit,"Does the DAO explicitly report whether any Web3 tools it uses, internally or externally, have been audited?",100.0,Yes,"Synthetix audits its own smart contracts. Most recently, Synthetix had Version 3 (V3) of the protocol audited.",Charles Adjovu,Synthetix,Medium,Smart Contract Audits
IDA-06,Information & Data Transparency,Information,"Does the DAO explicitly state that it operates on, or interacts with, more than one (1) blockchain?",100.0,Yes,Synthetix interacts with Ethereum and Optimism.,Charles Adjovu,Synthetix,Medium,Contracts within the Synthetix system
IDA-07,Information & Data Transparency,Compensation,Does the DAO explicitly describe itâ€™s financial incentive or compensation structure for contributors?,100.0,Yes,"SNX token holders earn fees from staking their tokens. SNX token holders elected to a council or committee earn a stipend, denominated in SNX tokens,. Additionally, Core Contributors also earn a stipend, determined by the Core Contributor Committee.",Charles Adjovu,Synthetix,Medium,"Synthetix Token (SNX),Spartan Council,SIP-284: Pay DAOs from inflation"
D2D-01,DAO2DAO,Transactions,Does the DAO have any planned transactions with another DAO?,0.0,Does not answer question,Unable to find an adequate source,Charles Adjovu,Synthetix,Very hard,
D2D-02,DAO2DAO,Transactions,Does the DAO have any current transactions with another DAO?,100.0,Yes,Synthetix has a current transaction with dHEDGE as part of the Partner Volume Rewards for Synthetix Perps Integrators program.,Charles Adjovu,Synthetix,Medium,Partner Volume Rewards for Synthetix Perps Integrators
OT-01,Organizational Technology,Tool,Does the DAO currently use any Web3 organizational technology for business-to-business operations?,0.0,Does not answer question,Unable to find an adequate source,Charles Adjovu,Synthetix,Very hard,
OT-02,Organizational Technology,Tool,Does the DAO currently use any Web3 organizational technology for treasury management?,100.0,Yes,Synthetix's Spartan Council utilizes a multisig Gnosis Safe.,Charles Adjovu,Synthetix,Easy,Spartan Council
OT-03,Organizational Technology,Tool,Does the DAO currently use any Web3 organizational technology for contribution-tracking?,0.0,Does not answer question,Unable to find an adequate source,Charles Adjovu,Synthetix,Very hard,
OT-04,Organizational Technology,Tool,Does the DAO currently use any Web3 organizational technology for decision-making?,100.0,Yes,Synthetix uses Snapshot and the Synthetix Governance Module.,Charles Adjovu,Synthetix,Easy,"Synthetix Profile on DeepDAO,Synthetix SCCP/SIP profile on Snapshot"
HCAG-01,Human-centered Algorithmic Governance,Accountability,Does the DAO explicitly acknowledge the possible vulnerabilities of algorithmic decision-making?,100.0,Yes,"Synthetix acknowledges that there are governance risks, but does not explicitly (or specifically) discuss vulnerabilities with algorithmic decision-making. ",Charles Adjovu,Synthetix,Easy,"Synthetix Litepaper,SIP-2012: Establish a Configurable Value for Spartan Councillors Required to Pass Meta-Governance Votes"
HCAG-02,Human-centered Algorithmic Governance,Engagement,"Does the DAO educate its members on the development and use of algorithms, as they pertain to the DAO?",50.0,Partial,"Synthetix educates members on the use of algorithmic tools, as part of the synthetix protocol, in the Staking Guide and Synthetix Litepaper, and similar information can be found in SIPs in the SIP repository. ",Charles Adjovu,Synthetix,Hard,"Synthetix Litepaper,Staking Guide,SIP-2012: Establish a Configurable Value for Spartan Councillors Required to Pass Meta-Governance Votes,SD145 - SIPs 2011 & 2012,SNXweave Weekly Recap"
HCAG-03,Human-centered Algorithmic Governance,Fairness & Bias,Does the DAO explicitly consider the short- and long-term social consequences of the algorithmic systems in the development and use of algorithms?,50.0,Partial,"Synthetix has considered possible social short- and long-term consequences in the Current Risks and Risk Mitigation Strategies section of the Synthetix Litepaper. Additionally, Synthetix has also considered it in the context of their governance system.",Charles Adjovu,Synthetix,Medium,"Synthetix Litepaper,SIP-2012: Establish a Configurable Value for Spartan Councillors Required to Pass Meta-Governance Votes"
BSP-01,Broad Stakeholder Participation,Economic Inequality,Is the DAO 's Gini Coefficient for economic tokens less than or equal to fifty percent ( <= 50%)?,0.0,Does not answer question,Unable to find an adequate source,Charles Adjovu,Uniswap,Medium,
BSP-02,Broad Stakeholder Participation,Voting Power,Is the Banzhaf Index for each individual member less than or equal to twenty-five percent (<= 25.0%)?,0.0,Does not answer question,Unable to find an adequate source,Charles Adjovu,Uniswap,Medium,
BSP-03,Broad Stakeholder Participation,Communication,Does the DAO explicitly state that private communication channels are for sensitive or confidential matters?,0.0,Does not answer question,Unable to find an adequate source,Charles Adjovu,Uniswap,Medium,
BSP-04,Broad Stakeholder Participation,Identity,Does the DAO explicitly require members to verify that they have a unique digital identity?,50.0,Partial,"Uniswap does not require members to verify that they have a unique Ethereum public address. However, Uniswap does require UNI token holders who desire to participate in governance to register  an account on gov.uniswap.org.",Charles Adjovu,Uniswap,Medium,"Uniswap Project Cluster in Entity-Decision Model Table,Uniswap Website,Uniswap Docs"
BSP-05,Broad Stakeholder Participation,Management,Does the DAO have any leadership roles?,100.0,Yes,"Delegates and the founders and managers of Uniswap Labs, could be considered leaders of Uniswap.",Charles Adjovu,Uniswap,Easy,Uniswap Project Cluster in Entity-Decision Model Table
BSP-06,Broad Stakeholder Participation,Management,Does the DAO have any management roles?,100.0,Yes,Community moderators on the Uniswap Governance Forum can be considered managers.,Charles Adjovu,Uniswap,Medium,Community Governance Process
BSP-07,Broad Stakeholder Participation,Conduct,"Does the DAO require members to adhere to a standard of conduct, such as described in a code of conduct?",50.0,Partial,"Uniswap requires users in the Uniswap Governance Forum to abide by their Terms of Service, which describes a requisite standard of conduct. However, it does not appear that all UNI token holders are required to adhere to a standard of conduct.",Charles Adjovu,Uniswap,Medium,"Community Governance Process,Uniswap Governance Forum "
BSP-08,Broad Stakeholder Participation,Language,Does the DAO provide a glossary of internal terms?,100.0,Yes,"Uniswap provides a glossary of internal terms for Uniswap governance. Additionally, Uniswap defines the organizations involved in the Uniswap protocol.",Charles Adjovu,Uniswap,Easy,"Uniswap Docs,Governance Glossary"
BSP-09,Broad Stakeholder Participation,Governance,Does the DAO use a participatory governance model?,50.0,Partial,"Uniswap utilizes a referendum system (or a proposal-based system from direct democracy) were UNI token holders can submit proposals. However, a member must have ""at least 2.5 million UNI delegated to your address in order to submit a proposal, or find someone who has enough UNI to meet the proposal threshold to propose on your behalf."" Members of Uniswap can vote on proposals by self- or proxy-delegation. There does not appear to be a minimum UNI token holding requirement to vote on proposals.",Charles Adjovu,Uniswap,Easy,"Uniswap Docs,Uniswap Project Cluster in Entity-Decision Model Table,[RFC] Community Governance Process Changes,About Vote Delegation Process"
BSP-10,Broad Stakeholder Participation,Dispute Resolution,Does the DAO have an explicitly defined dispute resolution mechanism?,0.0,Does not answer question,Unable to find an adequate source,Charles Adjovu,Uniswap,,
BSP-11,Broad Stakeholder Participation,Ownership,Does the DAO have a shared ownership model?,50.0,Partial,"UNI token holders have governance rights, and the possibility of an economic right. Namely, a right to earn a protocol fee, which is a ""fraction of the fees paid by swappers that currently goes to the protocol rather than to liquidity providers"", if UNI token holders switch on the protocol fee and decide that a portion of the fee should go towards UNI token holders.",Charles Adjovu,Uniswap,,"Uniswap Docs,Uniswap v3 Core,Fee Switch Revenue - Potential Options"
BSP-12,Broad Stakeholder Participation,Management,Does the DAO have a well-defined procedure for how members can take defined leadership or management roles?,50.0,Partial,"Uniswap has a well-defined procedure for becoming a delegate. Additionally, UNI token holders can pitch their intent to become a delegate on the delegate platform category on the Uniswap Governance Forum. However, a well-defined procedure for becoming a community moderator could not be found.",Charles Adjovu,Uniswap,Hard,About Vote Delegation Process
BSP-13,Broad Stakeholder Participation,Economic,Does the DAO provide members multifaceted activities to receive rewards?,50.0,Partial,"UNI token holders can engage in bounty hunting and liquidity mining to earn rewards from Uniswap. However, these activities are not exclusive to UNI token holders.",Charles Adjovu,Uniswap,Medium,"Uniswap Labs Contracts Bug Bounty,How to provide liquidity on Uniswap V3"
CBC-01,Cross-border Coordination,Geolocation,Does the DAO have leadership from multiple geographic regions?,0.0,Does not answer question,Unable to find an adequate source,Charles Adjovu,Uniswap,Very hard,"A short history of Uniswap,[Temperature Check] Create the Uniswap Foundation"
CBC-02,Cross-border Coordination,Geolocation,Does the DAO have members in multiple geographic regions?,100.0,Yes,Uniswap has delegates from multiple countries (including the USA and (allegdly) Portugal).,Charles Adjovu,Uniswap,Very hard,"wijuwiju.eth Twitter Profile,@wijuwiju0x profile on Sybil,Uniswap Governance Dashboard by @lsquared ,Uniswap Delegates on Boardoom"
CBC-03,Cross-border Coordination,Geolocation,Does the DAO have managers from multiple geographic regions?,0.0,Does not answer question,Unable to find an adequate source,Charles Adjovu,Uniswap,Very hard,
PDC-01,Practicing DAO Cooperativism,Economic,Does the DAO have a collective treasury (or multisig account)?,100.0,Yes,"Uniswap has a collective treasury governed by the UNI tokens holders (named the ""community treasury"" or ""governance treasury""). UNI token holders distribute funds from the collective treasury ""throughÂ contributor grants, community initiatives, liquidity mining, and other programs.""",Charles Adjovu,Uniswap,Medium,Introducing UNI
PDC-02,Practicing DAO Cooperativism,Measurement,"Does the DAO have currencies recognizing value beyond financial relations, such as labor, contributor well-being, or environmental impact?",0.0,No,Uniswap does not use a specific currency to recognize contributions beyond financial. ,Charles Adjovu,Uniswap,Easy,Introducing UNI
PDC-03,Practicing DAO Cooperativism,Identity,Does the DAO have a collective membership mark to signify membership in the DAO?,100.0,Yes,Collective Membership is signified by ownership or possession of the UNI token,Charles Adjovu,Uniswap,Easy,"Introducing UNI,Uniswap Project Cluster in Entity-Decision Model Table,Uniswap Docs"
PDC-04,Practicing DAO Cooperativism,Economic,Does the DAO redistribute profits/surplus on a basis other than capital holdings?,0.0,No,UNI token holders do not earn profits/surplus on a basis other than capital holdings.,Charles Adjovu,Uniswap,Medium,Uniswap v3 Core
PDC-05,Practicing DAO Cooperativism,Accountability,Does the DAO have any accountability mechanisms that subject the power of leaders and managers to the members?,0.0,No,"Uniswap does not have a formal accountability mechanism. Though, Laura Lotti (as part of Other Internet) is working on a proposal  for the creation of anÂ Accountability Committee for Licensure and Deployment.",Charles Adjovu,Uniswap,Medium,"Uniswap Governance Forum,The State of Uniswap Governance: A Paradox of Minimization,Temperature Check: Create Accoutability Committee,Effective Accountability for Uniswap Governance,Proposal Template 2.0 - Upgrade for Deployments & Agreements"
PDC-06,Practicing DAO Cooperativism,Accountability,"Does the DAO have an amendment procedure for its rules, procedures or policies?",0.0,Does not answer question,Unable to find an adequate source,Charles Adjovu,Uniswap,Medium,
PDC-07,Practicing DAO Cooperativism,Accountability,Does the DAO have a decision-making matrix?,50.0,Partial,"Uniswap has a defined governance process, but does not have a document clearly delineating the decision-making process in the DAO.",Charles Adjovu,Uniswap,Medium,Uniswap Docs
PDC-08,Practicing DAO Cooperativism,Measurement,"Does the DAO have metrics beyond governance and finance, such as contributor well-being or happiness?",0.0,Does not answer question,Unable to find an adequate source,Charles Adjovu,Uniswap,Medium,
PDC-09,Practicing DAO Cooperativism,Ownership,Does the DAO have separate tokens for governance and economic rights?,0.0,No,"Uniswap's token (UNI) acts as a governance token over the Uniswap protocol, and as an economic token because UNI token holders can receive fees if UNI token holders decide to turn on the fee switch.",Charles Adjovu,Uniswap,Hard,Uniswap v3 Core
PDC-10,Practicing DAO Cooperativism,Economic,Does the DAO not make governance tokens tradeable?,0.0,No,UNI tokens are tradeable on Uniswap.,Charles Adjovu,Uniswap,Easy,"UNI token profile on Uniswap app,Advanced UNI token profile on Uniswap,Uniswap v3 Core"
PDC-11,Practicing DAO Cooperativism,Engagement,Does the DAO provide education and training opportunities for members to meaningful participate in governance?,50.0,Partial,"Uniswap provides a Beginners Guide to Voting, but the guide does not provide enough information for meaningful participation in governance.",Charles Adjovu,Uniswap,Easy,Uniswap Docs
CPB-01,Cultural Patterns and Brand,Narratives,Does the DAO publish content on its activites in its' public channels?,100.0,Yes,Uniswap publishes updates on its activities on the Uniswap Labs Blog and Twitter.,Charles Adjovu,Uniswap,Easy,"Uniswap Labs Blog,Uniswap Labs Twitter Profile"
CPB-02,Cultural Patterns and Brand,Identity,"Does the DAO make an explicit, clearly articulated statement of its purpose, values and norms?",50.0,Partial,"Uniswap does not have an explicit statement of its purpose, values and norms, but it does borrow values and norms from Ethereum's vision, culminating in ""committed to the ideals of permissionless access, security, and immutability, all indespensable components for a future where anyone in the world can access financial services without fear of discrimination or counterparty risk.""",Charles Adjovu,Uniswap,Medium,"Introducing UNI,A short history of Uniswap"
IDA-01,Information & Data Transparency,Analytics,Does the DAO provide an organizational analytics dashboard?,0.0,Does not answer question,Unable to find an adequate source,Charles Adjovu,Uniswap,Hard,
IDA-02,Information & Data Transparency,Information,"Does the DAO make its governance activities (e.g., proposals, decisions) publicly accessible at free to low-cost?",100.0,Yes,"Uniswap's governance activities can be found on 1) the Uniswap voting dashboard, and 2) the Uniswap profile on Snapshot.",Charles Adjovu,Uniswap,Easy,"Uniswap Voting Dashboard,Uniswap Profile on Snapshot"
IDA-03,Information & Data Transparency,Information,"Does the DAO make its organizational documents (bylaws, policies, strategic plan, etc.) publicly accessible at free to low-cost?",100.0,Yes,"Uniswap's organizational documents are publicly accessible in the Uniswap Docs in the Governance section, and the Uniswap voting dashboard.",Charles Adjovu,Uniswap,Easy,"Uniswap Voting Dashboard,Uniswap Docs,Community Governance Process"
IDA-04,Information & Data Transparency,Information,"Does the DAO make its technologies open source or source available, and publicly accessible at free to low-cost?",100.0,Yes,"Uniswap makes its technological products open-source or source-available. Namely, uniswap-v3-core is licensed under a ""Business Source License"" (i.e., source-available) and uniswap-v3-sdk is licensed under the MIT license, and uniswap-v3-periphery is licensed under GNU General Public License v2.0.
",Charles Adjovu,Uniswap,Medium,"uniswap-v3-periphery license,uniswap-v3-sdk license,uniswap-v3-core license"
IDA-05,Information & Data Transparency,Audit,"Does the DAO explicitly report whether any Web3 tools it uses, internally or externally, have been audited?",100.0,Yes,"Uniswap has reported past audits on the core protocol, namely v2-core, regarding a security audit for oracle integrity. However, the security audit file cannot be found.",Charles Adjovu,Uniswap,Hard,"Audit & Formal Verification of Uniswap V2 Protocol,Link to Audit page not working"
IDA-06,Information & Data Transparency,Information,"Does the DAO explicitly state that it operates on, or interacts with, more than one (1) blockchain?",100.0,Yes,"Uniswap has deployed v3-core of the protocol to Ethereum, Â Arbitrum, Optimism, Polygon, and Celo. However, governance activities are recorded on Ethereum.",Charles Adjovu,Uniswap,Medium,"Multichain Uniswap,Cross-chain Deployment Guide"
IDA-07,Information & Data Transparency,Compensation,Does the DAO explicitly describe itâ€™s financial incentive or compensation structure for contributors?,100.0,Yes,"For governance members, members can possibly be compensated from activating the fee switch. For liquidity miners, miners can be compensated with fees from liquidity pools. For developers, developers can be compensated for completing bug bounties.",Charles Adjovu,Uniswap,Medium,"Uniswap v3 Core,Uniswap Labs Contracts Bug Bounty,How to provide liquidity on Uniswap V3"
D2D-01,DAO2DAO,Transactions,Does the DAO have any planned transactions with another DAO?,100.0,Yes,Uniswap is expected to deploy the Uniswap protocol to Avalanche.,Charles Adjovu,Uniswap,Easy,Deploy Uniswap V3 on Avalanche
D2D-02,DAO2DAO,Transactions,Does the DAO have any current transactions with another DAO?,100.0,Yes,Uniswap has transactions with GnosisChain and Moonbeam concerning  Uniswap v3-core protocol deployments.,Charles Adjovu,Uniswap,Medium,"Continue the Uniswap V3 deployment on Moonbeam with different bridge provider,Continue the Uniswap V3 deployment on Gnosis Chain with different bridge provider"
OT-01,Organizational Technology,Tool,Does the DAO currently use any Web3 organizational technology for business-to-business operations?,100.0,Yes,Uniswap utilizes cross-chain bridges for deploying the protocol to blockchains other than Ethereum,Charles Adjovu,Uniswap,Medium,"Cross-Chain Bridge Assessment Process,Crosschain Risk Framework"
OT-02,Organizational Technology,Tool,Does the DAO currently use any Web3 organizational technology for treasury management?,100.0,Yes,The Uniswap Foundation utilizes Gnosis Safe,Charles Adjovu,Uniswap,Hard,"Uniswap Profile on Tally,Uniswap Foundation's on-chain assets"
OT-03,Organizational Technology,Tool,Does the DAO currently use any Web3 organizational technology for contribution-tracking?,0.0,No,Uniswap does not use any Web3 organizational technology for contribution-tracking.,Charles Adjovu,Uniswap,Medium,"Introducing UNI,Uniswap Governance Renovation,Decentralized Contribution Reward Network (DCRN)"
OT-04,Organizational Technology,Tool,Does the DAO currently use any Web3 organizational technology for decision-making?,100.0,Yes,"Uniswap utilizes a voting dashboard on the Uniswap website for UNI token holders to vote on proposals. Regarding the smart contracts, Uniswap utilizes GovernorBravo. Additionally, Uniswap utilizes Snapshot.",Charles Adjovu,Uniswap,Easy,"Uniswap Docs,Uniswap Voting Dashboard,Uniswap Profile on Snapshot"
HCAG-01,Human-centered Algorithmic Governance,Accountability,Does the DAO explicitly acknowledge the possible vulnerabilities of algorithmic decision-making?,100.0,Yes,Uniswap acknowldges the vulnerabiltiies of algorithmic decision-making in the Adverserial Circumstances sub-section of the Governance section in the Uniswap Docs.,Charles Adjovu,Uniswap,Easy,Uniswap Docs
HCAG-02,Human-centered Algorithmic Governance,Engagement,"Does the DAO educate its members on the development and use of algorithms, as they pertain to the DAO?",0.0,Does not answer question,Unable to find an adequate source,Charles Adjovu,Uniswap,Hard,
HCAG-03,Human-centered Algorithmic Governance,Fairness & Bias,Does the DAO explicitly consider the short- and long-term social consequences of the algorithmic systems in the development and use of algorithms?,100.0,Yes,Uniswap explicitly considers the short- and long-term consequences of algorithmic decision-making in the Adverserial Circumstances sub-section of the Governance section in the Uniswap Docs.,Charles Adjovu,Uniswap,Easy,Uniswap Docs
